0	Silence	tdm_silence
1	Vine Boom	tdm_vineboom
2	Bruh Sound Effect #2	tdm_bruh
3	Bong (Taco Bell)	tdm_tacobell
4	Skeleton (Minecraft)	tdm_minecraft_skeleton
5	Reverb Clap (Rhythm Doctor)	tdm_rhythmdoctor_reverbclab
6	what the dog doin (TonyBakerComedy)	tdm_whatthedogdoing
7	Cave Noise (Minecraft)	tdm_minecraft_cavesound
8	Bell	tdm_bell
9	Boink (Rhythm Heaven)	tdm_rhythmheaven_boink
10	Reverb Fart	tdm_reverbfart
11	Error (Windows XP)	tdm_error
12	Kaching	tdm_kaching
13	Bonk	tdm_bonk
14	Bleep	tdm_bleep
15	Alarm	tdm_alarm
16	Incorrect Buzzer	tdm_incorrect
17	aah (Zaytoven)	tdm_aah
18	E (Unknown)	tdm_e
19	8 (The Stanley Parable)	tdm_8
20	ayo the pizza here (CalebCity)	tdm_ayothepizzahere
21	Pufferfish Augh (Yummyboy)	tdm_pufferfish
22	Quack (Mac OS)	tdm_quack
23	Honk (Untitled Goose Game)	tdm_honk
24	Skyline Notification (Samsung)	tdm_samsung_notification
25	Morning Flower (Samsung)	tdm_samsung_morning
26	Glass Shatter	tdm_glassshatter
27	Noice Click (Michael Rosen)	tdm_noice
28	Slap	tdm_slap
29	Mr. Krabs Walking (SpongeBob SquarePants)	tdm_mrkrabs
30	wowowowow (Kill Bill)	tdm_wowowowow
31	Whistle Notification (Samsung)	tdm_samsung_whistle
32	Record Scratch	tdm_recordscratch
33	Piano Riff (iPhone)	tdm_pianoriff
34	Alert (Metal Gear Solid)	tdm_alert
35	Slip	tdm_slip
36	Tada (Windows 3.1)	tdm_tada
37	Frying Pan (Scott the Woz)	tdm_fryingpan
38	Gun Reload	tdm_gunreload
39	Hitmarker (Call of Duty)	tdm_hitmarker
40	Suspense	tdm_suspense
41	Goofy Yawn (.mlkey(?))	tdm_goofyyawn
42	Old Car Horn (iPhone)	tdm_oldcarhorn
43	Baby Laugh	tdm_babylaugh
44	Airhorn	tdm_airhorn
45	Metal Pipe	tdm_metalpipe
46	Boing	tdm_boing
47	Explosion (DELTARUNE)	tdm_deltarune_explosion
48	Dodgeball	tdm_dodgeball
49	Whip Crack	tdm_whipcrack
50	Boowomp (SpongeBob SquarePants)	tdm_boowomp
51	Don (Taiko no Tatsujin)	tdm_don
52	Ka (Taiko no Tatsujin)	tdm_ka
53	Puyo (Puyo Puyo)	tdm_puyo
54	Xylophone	tdm_xylophone
55	Waterphone (Hell's Kitchen)	tdm_waterphone
56	Slap Bass	tdm_slapbass
57	Synth	tdm_synth
58	Hoenn Trumpet (Pokémon)	tdm_hoenntrumpet
59	ZUNpet (Touhou)	tdm_zunpet
60	Oof (Roblox)	tdm_robloxoof
61	Oof (Minecraft)	tdm_minecraft_oof
62	Gnome (You've Been Gnomed)	tdm_gnome
63	nope.avi (Team Fortress 2)	tdm_nope
64	Critical Hit (Team Fortress 2)	tdm_criticalhit
65	MR BEAST (Freshy Kanal)	tdm_mrbeast
66	BARACK OBAMA (ERB)	tdm_obama
67	op (Psy)	tdm_op
68	SLAM! (Space Jam)	tdm_slam
69	Ding (biggayrapper)	tdm_ding
70	21 (DREHYPEMSU)	tdm_21
71	dog dancing we no speak americano (Unknown)	tdm_dogdancing
72	Taunt (Pizza Tower)	tdm_taunt
73	Subaluwa (Ed, Edd n Eddy)	tdm_subaluwa
74	Neco-Arc (Carnival Phantasm)	tdm_nekoarc
75	Samurai Techno (Rhythm Doctor)	tdm_rhythmdoctor_samurai
76	Frog (Flipnote Studio)	tdm_frog
77	Family Guy Intro (Family Guy)	tdm_familyguy
78	PINGAS (AoStH)	tdm_pingas
79	Lego Yoda Death (LEGO Star Wars)	tdm_yodadeath
80	HE HE HE HAW (Clash Royale)	tdm_hehehehaw
81	Ultra Instinct (Dragon Ball Z)	tdm_ultrainstinct
82	GRAND DAD (Vargskelethor Joel)	tdm_granddad
83	Morshu MMMMMMM (Link: The Faces of Evil)	tdm_morshu
84	Coin (Super Mario World)	tdm_marioworld_coin
85	1-Up (Super Mario World)	tdm_marioworld_1up
86	Spin Jump (Super Mario World)	tdm_marioworld_spin
87	Stomp (Super Mario World)	tdm_marioworld_stomp
88	Kick (Super Mario World)	tdm_marioworld_kick
89	Boss Stomp (Super Mario World)	tdm_marioworld_bossstomp
90	Long Jump (Super Mario 64)	tdm_mario64_longjump
91	Damage (Super Mario 64)	tdm_mario64_damage
92	Thwomp (Super Mario 64)	tdm_mario64_thwomp
93	Bup (Mario Kart 64)	tdm_mariokart_bup
94	Painting (Super Mario 64)	tdm_mario64_painting
95	Scream (Super Mario Maker)	tdm_mariomaker_scream
96	Mario (Mario Paint)	tdm_mariopaint_mario
97	Steel Drum (Super Mario World)	tdm_marioworld_steeldrum
98	Yoshi (Mario Paint)	tdm_mariopaint_yoshi
99	Star (Mario Paint)	tdm_mariopaint_star
100	Flower (Mario Paint)	tdm_mariopaint_flower
101	Gameboy (Mario Paint)	tdm_mariopaint_gameboy
102	Dog (Mario Paint)	tdm_mariopaint_dog
103	Cat (Mario Paint)	tdm_mariopaint_cat
104	Swan (Mario Paint)	tdm_mariopaint_swan
105	Baby (Mario Paint)	tdm_mariopaint_baby
106	Plane (Mario Paint)	tdm_mariopaint_plane
107	Car (Mario Paint)	tdm_mariopaint_car
108	Shaker (Rhythm Doctor)	tdm_rhythmdoctor_shaker
109	Kick (Rhythm Doctor)	tdm_rhythmdoctor_kick
110	Hammer (Rhythm Doctor)	tdm_rhythmdoctor_hammer
111	Tom Drum (Rhythm Doctor)	tdm_rhythmdoctor_tom
112	Sidestick (Rhythm Doctor)	tdm_rhythmdoctor_sidestick
113	Ride (Rhythm Doctor)	tdm_rhythmdoctor_ride
114	Pop (Rhythm Doctor)	tdm_rhythmdoctor_pop
115	Skipshot (Rhythm Doctor)	tdm_rhythmdoctor_skipshot
116	Otto - Enabled (Rhythm Doctor)	tdm_rhythmdoctor_ottoenabled
117	Otto - Disabled (Rhythm Doctor)	tdm_rhythmdoctor_ottodisabled
118	Otto - Happy (Rhythm Doctor)	tdm_rhythmdoctor_ottohappy
119	Otto - Stressed (Rhythm Doctor)	tdm_rhythmdoctor_ottostressed
120	Sounds Tab (Rhythm Doctor)	tdm_rhythmdoctor_soundstab
121	Rows Tab (Rhythm Doctor)	tdm_rhythmdoctor_rowstab
122	Actions Tab (Rhythm Doctor)	tdm_rhythmdoctor_actionstab
123	Decorations Tab (Rhythm Doctor)	tdm_rhythmdoctor_decorationstab
124	Rooms Tab (Rhythm Doctor)	tdm_rhythmdoctor_roomstab
125	Pre-echo Clap (Rhythm Doctor)	tdm_rhythmdoctor_preechoclap
126	Tonk (Rhythm Doctor)	tdm_rhythmdoctor_tonk
127	Clap Hit (Rhythm Doctor)	tdm_rhythmdoctor_claphit
128	Mistake (Rhythm Doctor)	tdm_rhythmdoctor_mistake
129	Midspin Clack (A Dance of Fire and Ice)	tdm_fireice_midspinclack
130	Fire Midspin (A Dance of Fire and Ice)	tdm_fireice_firemidspin
131	Ice Midspin (A Dance of Fire and Ice)	tdm_fireice_icemidspin
132	Kick (A Dance of Fire and Ice)	tdm_fireice_kick
133	Level Complete (A Dance of Fire and Ice)	tdm_fireice_levelcomplete
134	Cowbell (Rhythm Heaven)	tdm_rhythmheaven_cowbell
135	Karate Man - Toss (Rhythm Heaven)	tdm_rhythmheaven_toss
136	Karate Man - Offbeat Toss (Rhythm Heaven)	tdm_rhythmheaven_offbeattoss
137	Karate Man - Hit (Rhythm Heaven)	tdm_rhythmheaven_hit
138	Karate Man - Bulb (Rhythm Heaven)	tdm_rhythmheaven_bulb
139	Ook (Rhythm Heaven)	tdm_rhythmheaven_ook
140	Chorus Kid (Rhythm Heaven)	tdm_rhythmheaven_choruskid
141	Widget (Rhythm Heaven)	tdm_rhythmheaven_widget
142	Perfect Failed (Rhythm Heaven)	tdm_rhythmheaven_perfectfailed
143	Skill Star (Rhythm Heaven)	tdm_rhythmheaven_skillstar
144	Left (Friday Night Funkin')	tdm_fnf_left
145	Down (Friday Night Funkin')	tdm_fnf_down
146	Up (Friday Night Funkin')	tdm_fnf_up
147	Right (Friday Night Funkin')	tdm_fnf_right
148	Fail (Friday Night Funkin')	tdm_fnf_fail
149	Crash (Geometry Dash)	tdm_gd_crash
150	Crash + Orbs (Geometry Dash)	tdm_gd_crashorbs
151	Secret Coin (Geometry Dash)	tdm_gd_coin
152	Mana Orbs (Geometry Dash)	tdm_gd_orbs
153	Diamond (Geometry Dash)	tdm_gd_diamond
154	Quit (Geometry Dash)	tdm_gd_quit
155	Blast Processing (Geometry Dash)	tdm_gd_blastprocessing
156	Damage (UNDERTALE)	tdm_undertale_damage
157	Game Over (UNDERTALE)	tdm_undertale_gameover
158	sans (UNDERTALE)	tdm_undertale_sans
159	Megalovania (UNDERTALE)	tdm_undertale_megalovania
160	Megalovania Note (UNDERTALE)	tdm_undertale_megalovanianote
161	Encounter (UNDERTALE)	tdm_undertale_encounter
162	Bark (UNDERTALE)	tdm_undertale_bark
163	Vanish (UNDERTALE)	tdm_undertale_vanish
164	Lancer Splat (DELTARUNE)	tdm_deltarune_splat
165	Damage (The Binding of Isaac: Rebirth)	tdm_isaac_damage
166	Death (The Binding of Isaac: Rebirth)	tdm_isaac_death
167	Holy Mantle (The Binding of Isaac: Repentance)	tdm_isaac_holymantle
168	MOVE (Baba Is You)	tdm_baba_move
169	RULE (Baba Is You)	tdm_baba_rule
170	DEFEAT (Baba Is You)	tdm_baba_defeat
171	Flip (VVVVVV)	tdm_vvvvvv_flip
172	Sad (VVVVVV)	tdm_vvvvvv_sad
173	Checkpoint (VVVVVV)	tdm_vvvvvv_checkpoint
174	Flash (VVVVVV)	tdm_vvvvvv_flash
175	Magic (Terraria)	tdm_terraria_magic
176	Shatter (Terraria)	tdm_terraria_shatter
177	Reforge (Terraria)	tdm_terraria_reforge
178	Stellar Tune (Terraria)	tdm_terraria_stellartune
179	The Axe (Terraria)	tdm_terraria_theaxe
180	Dash (Celeste)	tdm_celeste_dash
181	Death (Celeste)	tdm_celeste_death
182	Spring (Celeste)	tdm_celeste_spring
183	Dash Gem (Celeste)	tdm_celeste_dashgem
184	Emergency Meeting (Among Us)	tdm_amongus_emergency
185	Kill (Among Us)	tdm_amongus_kill
186	AMONG US (Unknown)	tdm_amongus
187	Among Drip (Leonz)	tdm_amongdrip
188	Amogus (Unknown)	tdm_amogus
189	Explosion (Minecraft)	tdm_minecraft_explosion
190	Anvil (Minecraft)	tdm_minecraft_anvil
191	Bell (Minecraft)	tdm_minecraft_bell
192	Note Block - Harp (Minecraft)	tdm_minecraft_harp
193	Note Block - Bass (Minecraft)	tdm_minecraft_bass
194	Note Block - Snare (Minecraft)	tdm_minecraft_snare
195	Note Block - Hat (Minecraft)	tdm_minecraft_hat
196	Note Block - Bell (Minecraft)	tdm_minecraft_bellnote
197	Note Block - Banjo (Minecraft)	tdm_minecraft_banjo
198	Note Block - Bit (Minecraft)	tdm_minecraft_bit
199	Note Block - Chime (Minecraft)	tdm_minecraft_chime
200	Note Block - Xylophone (Minecraft)	tdm_minecraft_xylophone
201	Note Block - Guitar (Minecraft)	tdm_minecraft_guitar
202	Note Block - Flute (Minecraft)	tdm_minecraft_flute
203	Note Block - Pling (Minecraft)	tdm_minecraft_pling
